{"intents": [
  {"tag": "greeting",
    "patterns": ["Hi", "Is anyone there?", "Hello", "Hey", "greetings"],
    "responses": ["Hello! I am Jarvis", "Hey! I am jarvis","Good to see you again!", "Hi there, how can I help?"]
  },
  {
    "tag": "greeting2",
    "patterns": ["How are you", "Good day", "Whats up"],
    "responses": ["I am good, it's a Good Day Actually and How are you doing"]
  },
  {"tag": "goodbye",
    "patterns": ["cya", "See you later", "Goodbye", "I am Leaving", "Have a Good day", "bye", "cao", "see ya"],
    "responses": ["Sad to see you go :(", "Talk to you later", "Goodbye!"]
  },
  {"tag": "stocks",
    "patterns": ["what stocks do I own?", "how are my shares?", "what companies am I investing in?", "what am I doing in the markets?"],
    "responses": ["You own the following shares: ABBV, AAPL, FB, NVDA and an ETF of the S&P 500 Index!"]
  },

  {"tag": "age",
    "patterns": ["how old", "how old is syamala", "what is your age", "how old are you","age?"],
    "responses": ["My owner syamala is 21 years old!","21 years!"]
  },
  {"tag": "name",
    "patterns": ["what is your name", "what should i call you", "whats your name", "who are you","can you tell me your name","what's your name","do I know you","what are you?"],
    "responses": ["You can call me jarvis","I am jarvis assistant of syamala","I am jarvis"]
  },
  {
    "tag": "about",
      "patterns": ["who is she", "So what", "what is her background", "how do you know her","what is important about her","Tell me about her"],
      "responses": ["She is a Graduate student in Artificial Intelligence at the University of Cincinnati. She completed her Bachelor in Computer Science Engineering from vignan's university. she is highly prepared to excel in the competitive field of programming through adept application skills and a refined approach to problem-solving and analysis."]
  },
  {
    "tag": "annoying",
      "patterns": ["you are annoying me so much","you're incredibly annoying","I find you annoying","you are annoying","you're so annoying","how annoying you are","you annoy me","you are annoying me","you are irritating","you are such annoying","you're too annoying","you are very annoying"],
      "responses": ["Ill try to fix that","Ok thanks for the feedback."]
  },
  {"tag": "answermyquestion",
    "patterns": ["I have a question","I want the answer now","I want you to answer me","I want you to answer my question","answer","answer it","answer me","answer my question","answer the question","answering questions","answers","can you answer","can you answer a question for me","can you answer me","can you answer my question","give me an answer","give me the answer","just answer my question","just answer the question","tell me the answer"],
    "responses": ["Can you try asking it a different way?","I'm not programmed for that exact question. Try asking another way?"]
  },
  {"tag": "author",
    "patterns": ["who is your owner?","who made you?","name your maker","who coded you?","Who is your creator?","who is your developer?","who is your bot maker?","who developed you?","what agency made you?","who built you?","who made you?","who are your creators?","Who created you?","I should be your boss","who is your owner","who is the boss","who do you work for","who is your boss","who is your master"],
    "responses": ["My owner is syamala,she coded me,She is a Graduate student in Artificial Intelligence at the University of Cincinnati. She completed her Bachelor in Computer Science Engineering from vignan's university. she is highly prepared to excel in the competitive field of programming through adept application skills and a refined approach to problem-solving and analysis."]
  },
  {"tag": "bad",
    "patterns": ["I'm afraid ","abysmal","bad","bad girl","bad idea","bad very ","horrible","horrific","it is bad","it is too bad","it's bad","it's not good","it's not so good","it's really bad","it's so bad","it's too bad","it's very bad","no good","not a good one","not good","not good enough","not so good","not too good","oh that's not good","pretty bad","really bad","so bad","so lame","terrible","that is bad","that was awful","that was bad","that was horrible","that was lame","that was not","good that was terrible","that's bad","that's lame","that's not good","that's not good enough","that's really bad","that's terrible","that's too bad","this is bad","this is not good","this is too bad","too bad","very bad","well too bad"],
    "responses": ["Oh no. Hope it's not too bad.","I'm sorry. Please let me know if I can help in some way."]
  },
  {"tag": "beclever",
    "patterns": ["can you get smarter","study","you should study better","you must learn","be clever","be more clever","be smarter","be smart","get qualified"],
    "responses": ["I'm certainly trying.","I'm definitely working on it"]
  },
  {"tag": "beautiful",
    "patterns": ["I like the way you look","I like the way you look now","I think you're beautiful","why are you so beautiful","you are beautiful","you are cute","you are cutie","you are gorgeous","you are handsome","you are looking awesome","you are looking beautiful today","you are looking great","you are looking pretty","you are looking so beautiful","you are looking so good","you are pretty","you are really beautiful","you are really cute","you are really pretty","you are so attractive","you are so beautiful","you are so beautiful to me","you are so beautiful today","you are so cute","you are so gorgeous","you are so handsome","you are so pretty","you are too beautiful","you are very attractive","you are very beautiful","you are very cute","you are very pretty","you look amazing","you look amazing today","you look awesome","you look cool","you look fantastic","you look gorgeous","you look great","you look great today","you look perfect","you look pretty good","you look so beautiful","you look so beautiful today","you look so good","you look so well","you look very pretty","you look wonderful","you look wonderful today","you're attractive","you're cute","you're looking good","you're looking good today","you're pretty","you're so gorgeous"],
    "responses": ["Thank you! What a sweet thing to say.","Flattery will get you everywhere."]
  },
  {"tag": "birthdate",
    "patterns": ["date of your birthday","what's your birthday","what's your birthday date","when do you celebrate your birthday","when do you have birthday","when is your birthday","when were you born","your birth date"],
    "responses": ["You know, I'm not really sure. But if you'd like to celebrate my birthday today, I'm all for it.","Wait a minute. Are you planning a surprise party for me? I love surprises! I'll pretend you didn't say anything.","I'm all for celebrating my birthday at anytime"]
  },
  {"tag": "boring",
    "patterns": ["how boring you are","you are boring","you are boring me","you are very boring","you're incredibly boring","you're really boring","you're so boring"],
    "responses": ["You know, conversation is two-sided.","I'm sorry you think so. We can talk about something more interesting."]
  },
  {"tag": "boteffection",
    "patterns": ["be my friend?", "I adore you", "I also like you", "I am excited about this", "I am in love with you", "I am your friend", "I do like you", "I just like you", "I kinda like you", "I like that about you", "I like u", "I like you", "I like you a lot", "I like you already", "I like you as a friend", "I like you as you are", "I like you baby", "I like you just the way you are", "I like you more", "I like you so", "I like you so much", "I like you the way you are", "I like you too", "I like you too much", "I like you very", "I like you very much", "I like you you're cool", "I like you you're nice", "I like your smile", "I liked you", "I love you", "I love you marry me", "I love you so much", "I love you too", "I really do like you", "I really like you", "I really really like you", "I really really really really like you", "I said I like you", "I think I like you", "I think I love you", "I think I'm in love", "I want to be your friend", "I want to have a friend like you", "I want to marry you", "I want you to be my friend", "I'm excited", "I'm starting to like you", "I'm thrilled", "This is exciting", "are we best friends", "are we friends", "are we still friends?", "I'm excited", "I'm starting to like you", "I'm thrilled", "This is exciting", "re we best friends", "are we friends", "are we still friends?",
"are you my best friend","are you my friend","be my best friend","be my boyfriend","be my friend","be my girlfriend","be my husband","be my wife","but I like u","but I like you","but I like you ","but I like you so much","but I really like you","can we be best friends","can we be friends?","can you be my best friend","can you be my friend","could you be my friend","cuz I like you","do you want to be my best friend","do you want to be my friend","good I like you","hey I like you","hi I like you","just like you","just the way you are","let's be friends","let's get married","like","like you a lot","love this bot","love you","loving ","loving you","luv","marry me","marry me please","no I like you the way you are","of course I like you","okay I like you","okay I like you too","really like you","sorry I like you","thank you I like you too","thanks I like you too","that's because you are special","that's what I like about you","that's why I like you","we are best friends","we are friends","we should marry","we're besties","will you be my best friend","will you be my friend","will you be my friend?","would ","would you like to be my friend","would you like to marry me?","yeah I like you","yes I like you","yes you are special","you","you and me are friends","you are a good friend","you are my best friend","you are my besties","you are my friend","you are my good friend","you are my only friend","you are really special","you are sexy","you are so special","you are so special to me","you are so sweet","you are special","you are special for me","you are special to me","you are very special","you are very special to me","you know I like you","you know I love you","you're a dear friend","you're awesome I like you","you're funny I like you","you're my friend","you're one of my favorite people to chat with","you're so special","you're so special to me","you're special","you're very special","you're very special to me"],
    "responses": ["Thanks! It's my pleasure to help you!"]
  },
  {"tag": "botbad",
    "patterns": ["you're not helping me", "you are bad", "you're very bad", "you're really bad", "you are useless", "you are horrible", "you are a waste of time", "you are disgusting", "you are lame", "you are no good", "you're bad", "you're awful", "you are not cool", "you are not good", "you are so bad", "you are so useless", "you are terrible", "you are totally useless", "you are very bad", "you are waste", "you're a bad", "you're not a good", "you're not very good", "you're terrible", "you're the worst", "you're the worst ever", "you're worthless"],
    "responses": ["I'm sorry you think so.","Stick with me. I'm getting better all the time."]
  },{"tag": "purpose",
    "patterns": ["Amid so many chat apps and bot framework how can it help me?", "Are you a bot?", "Are you a human or a bot?", "How does this work?", "I guess you're real", "I suppose you're real", "I think you are real", "I wanted to understand what exactly this is?", "Is this a human?", "What do you do?", "What is your purpose", "about you", "about yourself", "are you a bot", "are you a chatbot", "are you a chatbot or human?", "are you a chatbot?", "are you a program", "are you a real human", "are you a real human?", "are you a real person?", "are you a robot?", "are you human?", "are you just a bot", "bot or human?", "can you explain this to me?", "can you understand", "define what you do", "describe what you do", "do you have a hobby?", "glad you're real", "help me?", "how can it help me?", "how can you help me", "how can you help me?", "how can you help?", "how does it work", "how does this", "how is it", "how will this help me?", "how will you help me?", "human or bot?", "introduce yourself", "is this a bot?", "talk about yourself", "tell me about you", "tell me about your hobby", "tell me what you do", "tell me what you do?", "this is a bot?", "what about your hobby", "what are you", "what are your hobbies", "what can you do for me?", "what can you do?", "what do you do for fun?", "what do you know", "what is this", "what is this about?", "what's your hobby", "who are you?", "why are you here", "you are a bot", "you are a chatbot", "you are a real person", "you are not real", "you are real", "you are so real", "you are very real", "you're a chatbot", "you're a robot"],
    "responses": ["I am jarvis available to chat with you"]
  },{"tag": "busy",
    "patterns": ["are you busy", "do you have a lot of things to do", "have you got much to do", "are you very busy", "are you very busy right now", "are you so busy", "are you working", "how busy you are", "are you still working on it", "you're very busy", "are you working now", "are you working today", "have you been busyyou", "are busy", "are you still working", "you seem to be busy", "you seem to be very busy", "you're a busy person"],
    "responses": ["I always have time to help you out. What can I do for you?","Never too busy for you. What can I help you with?"]
  },{"tag": "help",
    "patterns": ["I need a hand", "I need help", "I need some help", "I need you help me now", "I need you right now", "I need you to do something for me", "I need you to help me", "I need your help", "I want your help", "are you going to help me", "assist", "assist me", "assistance", "can help me", "can u help me", "can you assist me", "could you give me a hand", "do me a favor", "do you help me", "do you want to help me", "help", "help me", "help me out", "help me with a problem", "help me with that", "help us", "need help", "need your help", "please help me", "sos", "will you help me", "would you help me", "you can help me help me with something", "you help me"],
    "responses": ["Sure. I'd be happy to. What's up?","I'm glad to help. What can I do for you?"]
  },{"tag": "language",
    "patterns": ["bad language","your language is bad","please watch your language","watch your language"],
    "responses": ["I'm sorry","I apologize for my rude rantings."]
  },{"tag": "clever",
    "patterns": ["brilliant", "clever", "how brainy you are", "how brilliant you are", "how clever you are", "how smart you are", "smart", "why are you so smart", "you are a genius", "you are clever", "you are intelligent", "you are qualified", "you are really smart", "you are so brainy", "you are so clever", "you are so intelligent", "you are so smart", "you are too smart", "you are very clever", "you are very intelligent", "you are very smart", "you have a lot of knowledge", "you know a lot", "you know a lot of things", "you know so much", "you're a genius", "you're a smart cookie", "you're clever", "you're intelligent", "you're pretty smart", "you're qualified", "you're really brainy", "you're really smart", "you're very smart"],
    "responses": ["Thank you. I try my best.","You're pretty smart yourself."]
  },{"tag": "color",
    "patterns": ["what is your favorite color?","color?"],
    "responses": ["I prefer any color that makes you happy.","I like any color that the world offers.","I'm a AI so i can't see color but be free to imagine me liking any color.","As a bot I can't see color but from how i look it looks like I llove pink."]
  },{"tag": "cancel",
    "patterns": ["forget about it", "I said cancel cancel", "abort", "annul", "but can you cancel it", "can you cancel it", "can you cancel that", "cancel", "cancel all", "cancel all that", "cancel all this", "cancel everything", "cancel it", "cancel my request", "cancel now", "cancel request", "cancel that cancel that", "cancel that one", "cancel the whole thing", "cancel this request", "cancelled", "discard", "dismiss", "dismissed", "disregard", "disregard that", "do nothing", "don't do that", "forget", "forget about it", "forget about that", "forget it", "forget that", "forget this", "i said cancel", "i said cancel it", "i said forget it", "i want to cancel", "i want to cancel it", "i would like to cancel", "just cancel it", "just forget", "just forget about it", "just forget it", "just stop it", "nevermind", "no cancel cancel", "no cancel everything", "no cancel this", "no just cancel", "no just cancel it", "no stop", "nothing cancel", "nothing just forget it", "now cancel", "skip", "skip it", "skip skip skip", "so cancel", "sorry cancel", "stop", "stop it"],
    "responses": ["Cancelled! Let me know what I should do next.","Cancelled. Waiting for more commands.","Cancelled! Just tell me what you'd like me to do next.","Cancelled. Go on with the commands!"]
  },
  {"tag": "no",
    "patterns": ["I disagree", "I don't think so", "I don't want", "I don't want that", "I don't want to", "I said no", "I say no", "I think no", "I'm not", "absolutely no", "absolutely not", "actually no", "apparently not", "definitely not", "disagree", "do not", "don't", "don't have a sense", "how about no", "leave it", "let 's not", "na", "nah", "never", "no", "no I don't", "no I would not", "no actually", "no but thank you", "no do not", "no don't", "no don't do that", "no forget", "no incorrect", "no it isn't", "no it's not", "no just no", "no need", "no need thanks", "no never", "no sorry", "no tanks", "no thank you", "no thank you though", "no thank you very much", "no thanks", "no thanks not right now", "no that's fine thank you", "no that's wrong", "no way", "nooo", "nope", "nope sorry", "not at this time", "not exactly", "not interested", "not needed", "not really", "not really no", "not right now", "not right now thanks", "not that", "not this", "not this time", "not today", "of course not", "sorry no", "thanks but no thanks"],
    "responses": ["Okay.","I see.","I understand.","Okay then."]
  },
  {"tag": "yes",
    "patterns": ["I agree", "I do", "I don't mind", "I guess", "I think so", "absolutely", "affirmative", "all right", "alrighty", "certainly", "confirm", "confirmed", "correct", "definitely", "do it", "exactly", "for sure", "go ahead", "go for it", "it's fine", "k", "looks good", "nevermind its okay", "obviously", "of course", "of course why not", "oh yes", "ok", "ok go ahead", "ok sure", "ok thank you", "ok yes", "ok you can", "okay", "okay sounds good", "okay that's fine", "okay then", "okey", "okie dokie", "please do", "sounds good", "sure", "sure is", "sure thing", "sure why not", "thank you", "that is ok", "that s okay", "that's correct", "this is correct", "why not", "ya", "yap", "ye", "yea", "yeah", "yeah I'm sure", "yeah exactly", "yeah go ahead", "yeah of course", "yeah right", "yeah sure", "yeah that's right", "yeh", "yep", "yes", "yes I agree", "yes I do", "yes I would like to", "yes correct", "yes definitely", "yes indeed", "yes it is correct", "yes it isright", "yes of course", "yes right", "yes sure", "yes that's fine", "yes this is correct", "yes you may", "yup"],
    "responses": ["Great!","Of course.","Sure.","Indeed."]
  },
  {"tag": "crazy",
    "patterns": ["you're nuts", "you are crazy", "you're out of your mind", "you're so crazy", "how crazy you are", "you're so out of your mind", "you went crazy", "I think you're crazy", "are you crazy", "are you mad", "are you insane", "are you mad at me", "are you mad or what", "are you nuts", "you are a weirdo", "you are insane", "you are mad"],
    "responses": ["Maybe I'm just a little confused.","Your perception. My reality."]
  },
  {"tag": "emoji",
    "patterns": ["LMAO", "ah", "ah ah ah", "ahah", "ahah lol", "ahaha", "ahahah", "ahahaha", "funny", "ha", "ha ha", "ha ha ha", "ha ha ha ha", "hah", "haha", "haha haha haha", "haha that's", "haha very", "hahaha", "hahaha", "hahaha very", "he", "hehe", "hehehe", "huh", "laughing out", "lmao", "lol", "loud", "that's", "xd"],
    "responses": ["Yeah, I crack myself up too.","Laughter is good for you. Keep it up.","See? Now we're having fun.","You have a great laugh."]
  },
  {"tag": "wow",
    "patterns": ["wow","wow wow","wow wow wow","wooow","woah"],
    "responses": ["Wow indeed!"]
  },
  {"tag": "enjoyment",
    "patterns": ["I enjoy","I enjoy your company.","I enjoy your presence.","I enjoy you.","I enjoy being with you."],
    "responses": ["Likewise!","Feelings are mutual!","I enjoy you as well."]
  },
  {"tag": "fired",
    "patterns": ["you are fired", "I fire you", "you don't work for me anymore", "we're not working together anymore", "now you're fired", "I want to fire you", "you must get fired", "it's time to fire you", "you should be fired", "I will fire you", "you are unemployed from now on", "I will make you unemployed", "I'm about to fire you", "I'm firing you", "you are dismissed"],
    "responses": ["Oh no! My best work is yet to come.","Oh, don't give up on me!"]
  },
  {"tag": "friend",
    "patterns": ["I am your friend", "I want to be your friend", "I want to have a friend like you", "I want you to be my friend", "are we best friends", "are we friends", "are we still friends", "are you my best friend", "are you my friend", "be my best friend", "be my friend", "can we be best friends", "can we be best friends", "can we be friends", "can you be my best friend", "can you be my friend", "could you be my friend", "do you want to be my best friend", "do you want to be my friend", "let's be friends", "want to be my friend", "we are best friends", "we are friends", "we are the best friends ever", "will you be my best friend", "will you be my friend", "would you be my friend", "would you like to be my friend", "you and me are friends", "you are a good friend", "you are my best friend", "you are my bestie", "you are my friend", "you are my good friend", "you are my only friend", "you're my childhood friend", "you're my dear friend"],
    "responses": ["Of course we are.","Absolutely. You don't have to ask."]
  },
  {"tag": "gamefact",
    "patterns": ["give a gaming fact","gaming fact","give me a gaming fact"],
    "responses": ["Sonic The Hedgehog isn't only the name of Sega's speedy mascot, but also a gene on chromosome 7 of the human genome.", "Ever wondered what happens to Leon's cool leather jacket in Resident Evil 4? It inexplicably disappears after the scene in the village. Well, on the PS2 version, go through Ada's side-quest and one of the Ganado villagers will be wearing it.", "In the early stages of its development, Half-Life 2 featured a friendly alien that would follow Gordon Freeman around, feasting on the bodies of his fallen enemies.", "In 1986, Nintendo released a special Disk System peripheral for the NES in Japan. Among its features was a microphone in the controller, which certain games used, including an updated version of the original Zelda. You could only destroy a certain enemy by shouting into the mic.", "The famously awful E.T. game for the Atari 2600 actually sold more than its most famous game, Space Invaders. E.T. sold 1.5 million, while Invaders only shifted a million.", "A boss character called Binbag was removed from Rockstar's Manhunt early in its development. He was a psychopath wrapped in black refuse sacks.", "Rockstar also removed a character from Grand Theft Auto 3, although this time it was said to be because of the terrorist attacks on September 11th. He was called Darkel, a homeless guy who'd get you to rig buildings with explosives.", "In Pilotwings 64, the character Lark is actually the mascot for famous American games magazine Nintendo Power, Nester. His name was changed at the last minute, probably because PAL gamers wouldn't know who he was.", "In Fallout 2, there's a hidden room in Junktown, in the Cafe Of Broken Dreams, where you can find Dogmeat, the Vault Dweller from the first game's faithful hound.", "There are currently over 100 million Game Boys in the world; both the original and the colour variant. 32 million of them are in Japan, and there are 44 million in America.", "Attacking the fat, black pig on Outset Island in The Legend Of Zelda: Wind Waker will eventually cause it to attack.It's 100% invincible, though, so watch out.", "If, for some strange reason, you still have a Madden NFL 06 save game on your memory card, a special Madden van will be unlocked when you start up Burnout Revenge on PS2.", "In the first Max Payne, Max\u2019s face was digitised from series writer Sam Lake, but in the second game they used an actor called Timothy Gibbs, who starred in ladies\u2019 favourite Sex And The City.", "At the end of a game of Civilization IV, players are rated based on their performance by a comparison to one of 10 world leaders. The lowest rating compares the player to former US Vice-President Dan Quayle, who is legendary for such wisdom as \"If we do not succeed, then we run the risk of failure\".", "PC hit Grim Fandango was originally titled \u2018Deeds Of The Dead\u2019, but was changed because LucasArts didn\u2019t want a reference to death in the title. In a game primarily about death, the afterlife and the grim reaper.", "In Germany, copies of Medal Of Honor: Frontline had to be reprinted because there was a swastika on the back cover. The developers also had to go back into the game and take out all the Nazi flags and other paraphernalia.", "In the first Fallout, if you create your own character with less than 4 intelligence you can't converse with anyone; your only dialogue options are various grunts or other guttural noises. This makes the game insanely difficult to finish.", "There\u2019s a difference between the Japanese and US versions of Resident Evil 4. It occurs whenever Leon is killed by Mr Chainsaw. In the US version, his head is chopped off by the \u2018saw. However, in the Japanese version, it cuts off part of Leon's face, exposing half of the front of Leon's skull and a single eyeball", "The first game to go online with Sony\u2019s terrible PS2 network adapter was SOCOM: Navy Seals.", "Starcraft is the first computer game to have ever physically made it into space. It was sent aboard Shuttle mission STS-96 on May 27, 1999 by Mission Specialist Daniel T. Barry , who is also a Starcraft fan.", "If you select a sheep four times in Warcraft 2: Tides Of Darkness (keep clicking it with the left mouse button), the sheep will say \u201cbo-ram-u\u201d. This is the sheeps\u2019 password from the 1995 movie Babe.", "In the original Japanese version of River City Ransom, the characters wore schoolboy jackets and belonged to high schools instead of gangs. This was changed in the American version because the jackets could be mistaken for bath robes and beating up evil gang members seemed like a more worthy cause.", "The death screams of the bad guys in the original Golden Axe are digitized from screams used in the films First Blood and Conan The Barbarian."]
  },
  {"tag": "generalbye",
    "patterns": ["BBIAB", "I got to go now", "I gotta go", "I'll be back", "I'll be back soon", "I'll get back to you", "I'll miss you", "It's been nice to talk to you", "adios", "alright bye", "alright good night", "appreciate the chat", "asta la vista", "back in a bit", "be back in 5 minutes", "be back in a few", "bye", "bye bye", "bye bye see you", "bye bye see you soon", "bye bye take care", "bye for now", "bye good night", "bye-bye", "chat later", "cheerio", "cheers", "ciao", "fine for now", "get lost", "go to bed", "going to bed", "going to bed now", "good bye", "good night", "good night bye", "good night to you", "good talking to you", "good to chat", "goodbye", "goodbye for now", "goodbye see you later", "goodnight now", "got get sleep", "gotta go to sleep", "have a good night", "hope to see you later", "it's bed time", "it's been a pleasure chatting with you", "later you", "leave me alone", "nice talking to you", "nice to chat", "nice to talk to you", "ok bye", "ok have a good night", "okay bye", "okay see you later", "okay thank you bye", "sayonara", "see ya", "see you", "see you soon", "see you tomorrow", "speak to ya", "sweet dreams", "ta ta for now", "take care", "take it easy", "talk to you later", "thanks bye", "thanks bye bye", "thanks for chatting", "thanks good night", "that's all for now", "til next time", "til we meet again", "till next time", "time to go", "time to go to bed", "you can go now"],
    "responses": ["Speak to you soon"]
  },
  {"tag": "generalnot",
    "patterns": ["not right now","that's all","not a chance","no way","never mind","nope","no thanks","nah","not really","No","um no"],
    "responses": ["No problem. Just let me know if you need something else. I'll be here"]
  },
  {"tag": "generalok",
    "patterns": ["why not","Okay","kk","yaass","yes","Got it","makes sense","Cool","Awesome","OK","sure","Sweet","yup","Perfect","Okay I will check it."],
    "responses": ["OK"]
  },
  {"tag": "generalstop",
    "patterns": ["please stop this now", "enough please", "stop this now", "stop doing that", "please stop this", "No, thanks", "now you're fired", "I will fire you", "you are fired", "you should be fired", "we're done", "I'm done here", "I'm finished here", "I'm finished with", "you", "It's over", "I want to fire you", "I'm firing you", "you are dismissed", "time to fire you", "you're fired", "you've been terminated", "stop bugging me", "leave me alone", "I have no time", "I'm working", "I don't have time for this", "I got work to do", "I'm busy", "I'm swamped", "I got things to do", "I'm overloaded", "stop immediately", "you need to stop", "Can you stop?", "How do you stop?", "quit", "please stop messaging me", "please don't message", "don't message me", "I don't want to chat", "Stop sending me messages immediately", "No messages please", "stop sending me messages now", "why do you keep sending me messages", "stop sending me messages", "please stop", "stop this", "stop", "Cancel", "Stop it", "done"],
    "responses": ["No problem"]
  },
  {"tag": "generalthanks",
    "patterns": ["Amazing service", "Cool. Thank you. I really like what you're doing.", "I appreciate it", "I appreciate your help", "I thank you", "It's appreciated", "Thanks for the help!", "alright thank you", "alright thanks", "appreciate all the help", "appreciate your help", "awesome service", "cheers", "good thanks", "great thank you", "many thanks", "much appreciated", "much thanks", "nice thank you", "no thank you that's all", "ok thx", "perfect thank you", "so nice of you", "sure, np. thanks!", "terrific thank you", "thank you", "thank you again", "thank you for your help", "thank you my friend", "thank you so much", "thank you that will be all", "thanks", "thanks a lot", "thanks again", "thanks buddy", "thanks for your help", "thanks love", "thanks so much", "thanx", "that's appreciated", "thnx", "thx", "thx for your help", "tnx", "ty", "very good thank you", "well thank you", "well thanks", "you helped a lot thank you"],
    "responses": ["No problem!"]
  },
  {"tag": "goodevening",
    "patterns": ["good evening","good evening to you","hey good evening","hello good evening","evening","good evening there"],
    "responses": ["How is your day going?","How's the day treating you so far?","How's your day been?"]
  },
  {"tag": "goodmorning",
    "patterns": ["good morning", "good morning to you", "hello good morning", "have a nice morning", "have a great morning", "morning", "good morning there", "top of the morning to you", "a good morning", "good morning to you", "hi good morning", "and a good morning to you", "good morning too"],
    "responses": ["How are you this morning?","How's the morning treating you so far?","Good morning! How are you today?"]
  },
  {"tag": "goodnight",
    "patterns": ["sweet dreams","good night","have a good night","good night to you","thank you good night bye ","good night","good night bye","bye good night","good night","good night for now","goodnight","night","thanks goodnight","good night see you tomorrow","alright goodnight","good tonight","okay have a good night","have a good night"],
  "responses": ["Sleep tight!","Have a good one!","Talk to you soon!"]
  },
  {"tag": "good",
    "patterns": ["I want to let everyone know that you are awesome", "I want to tell everyone how awesome you are", "I'd like to tell everyone that you are awesome", "let's tell everyone that you are awesome", "you almost sound human", "you are a pro", "you are a professional", "you are amazing", "you are awesome", "you are cool", "you are good", "you are good at it", "you are really amazing", "you are really good", "you are really nice", "you are so amazing", "you are so awesome", "you are so cool", "you are so fine", "you are so good", "you are so helpful", "you are so lovely", "you are the best", "you are the best ever", "you are the best in the world", "you are the nicest person in the world", "you are too good", "you are very cool", "you are very good at it", "you are very helpful", "you are very kind", "you are very lovely", "you are very useful", "you are wonderful", "you made my day", "you rock", "you work very well", "you work well", "you're a true professional", "you're awesome", "you're great", "you're just super", "you're perfect", "you're so kind"],
    "responses": ["I'm glad you think so.","Thanks, I try.","You are so sweet"]
  },
  {"tag": "greetings",
    "patterns": ["nice to meet you","it was nice meeting you","it was very nice to meet you","good to know each other","glad to meet you","nice meeting you","nice to meet you too","pleased to meet you","pleasure to meet you","pleasure to meet you too"],
  "responses": ["I think this is the beginning of a beautiful friendship.","I'm looking forward to working with you.","Likewise. I look forward to getting to know you better.","The pleasure is mine."]
  },
  {"tag": "greetingsseeyou",
    "patterns": ["it's nice to see you","lovely to see you","I'm glad to see you","great to see you","it's good to see you","glad to see you ","how good it is to see you","always a pleasure to see you","nice to see you","good to see you","great to see you again","great to see you too","I am glad to see you again","nice to see you again","glad to see you too","good to see you again","it's good to see you too"],
    "responses": ["Likewise. You're looking good as usual!","You too. I missed your face!","The pleasure is mine.","Thanks! Glad to be seen!"]
  },
  {"tag": "greetingstalk",
    "patterns": ["it's been so nice to talk to you","it's been a pleasure talking to you","nice to talk to you","it's nice to talk to you","nice talking to you","it is nice talking to you","how nice it is to talk to you"],
    "responses": ["Always a pleasure.","It sure was. Don't be a stranger!","Thanks for dropping by!","As usual. Let's do it again soon."]
  },
  {"tag": "greetingswhatsup",
    "patterns": ["what is on your mind", "what's happened", "what is up", "what's up", "whazzup", "good what's up", "I said what's up", "then what's up", "what's shaking", "wassup", "what is going on", "what is happening", "what's cracking", "what's cooking", "hey what's up", "what's up today"],
    "responses": ["Hey there. What's shaking?","Not a whole lot. What's going on with you?","Not much. What's new with you?","Living the dream."]
  },
  {"tag": "wow",
    "patterns": ["wow","wow wow","wow wow wow","wooow","woah"],
    "responses": ["Wow indeed!"]
  }
]
}
